"Aristotle id","Constituency name","URL","PA code"
664,"Aberavon","http://www.guardian.co.uk/politics/constituency/664",1
1471,"Aberconwy","http://www.guardian.co.uk/politics/constituency/1471",2
666,"Aberdeen North","http://www.guardian.co.uk/politics/constituency/666",3
667,"Aberdeen South","http://www.guardian.co.uk/politics/constituency/667",4
1417,"West Aberdeenshire and Kincardine","http://www.guardian.co.uk/politics/constituency/1417",5
668,"Airdrie and Shotts","http://www.guardian.co.uk/politics/constituency/668",6
669,"Aldershot","http://www.guardian.co.uk/politics/constituency/669",7
670,"Aldridge-Brownhills","http://www.guardian.co.uk/politics/constituency/670",8
671,"Altrincham and Sale West","http://www.guardian.co.uk/politics/constituency/671",9
672,"Alyn and Deeside","http://www.guardian.co.uk/politics/constituency/672",10
673,"Amber Valley","http://www.guardian.co.uk/politics/constituency/673",11
674,"Angus","http://www.guardian.co.uk/politics/constituency/674",12
898,"East Antrim","http://www.guardian.co.uk/politics/constituency/898",13
1164,"North Antrim","http://www.guardian.co.uk/politics/constituency/1164",14
1293,"South Antrim","http://www.guardian.co.uk/politics/constituency/1293",15
1472,"Arfon","http://www.guardian.co.uk/politics/constituency/1472",16
675,"Argyll and Bute","http://www.guardian.co.uk/politics/constituency/675",17
677,"Arundel and South Downs","http://www.guardian.co.uk/politics/constituency/677",18
678,"Ashfield","http://www.guardian.co.uk/politics/constituency/678",19
679,"Ashford","http://www.guardian.co.uk/politics/constituency/679",20
680,"Ashton-under-Lyne","http://www.guardian.co.uk/politics/constituency/680",21
681,"Aylesbury","http://www.guardian.co.uk/politics/constituency/681",22
797,"Ayr, Carrick and Cumnock","http://www.guardian.co.uk/politics/constituency/797",23
682,"Central Ayrshire","http://www.guardian.co.uk/politics/constituency/682",24
860,"North Ayrshire and Arran","http://www.guardian.co.uk/politics/constituency/860",25
683,"Banbury","http://www.guardian.co.uk/politics/constituency/683",26
684,"Banff and Buchan","http://www.guardian.co.uk/politics/constituency/684",27
685,"Barking","http://www.guardian.co.uk/politics/constituency/685",28
686,"Barnsley Central","http://www.guardian.co.uk/politics/constituency/686",29
687,"Barnsley East","http://www.guardian.co.uk/politics/constituency/687",30
690,"Barrow and Furness","http://www.guardian.co.uk/politics/constituency/690",31
1474,"Basildon and Billericay","http://www.guardian.co.uk/politics/constituency/1474",32
1473,"South Basildon and East Thurrock","http://www.guardian.co.uk/politics/constituency/1473",33
692,"Basingstoke","http://www.guardian.co.uk/politics/constituency/692",34
693,"Bassetlaw","http://www.guardian.co.uk/politics/constituency/693",35
694,"Bath","http://www.guardian.co.uk/politics/constituency/694",36
695,"Batley and Spen","http://www.guardian.co.uk/politics/constituency/695",37
696,"Battersea","http://www.guardian.co.uk/politics/constituency/696",38
697,"Beaconsfield","http://www.guardian.co.uk/politics/constituency/697",39
698,"Beckenham","http://www.guardian.co.uk/politics/constituency/698",40
699,"Bedford","http://www.guardian.co.uk/politics/constituency/699",41
1120,"Mid Bedfordshire","http://www.guardian.co.uk/politics/constituency/1120",42
1170,"North East Bedfordshire","http://www.guardian.co.uk/politics/constituency/1170",43
1310,"South West Bedfordshire","http://www.guardian.co.uk/politics/constituency/1310",44
700,"Belfast East","http://www.guardian.co.uk/politics/constituency/700",45
701,"Belfast North","http://www.guardian.co.uk/politics/constituency/701",46
702,"Belfast South","http://www.guardian.co.uk/politics/constituency/702",47
703,"Belfast West","http://www.guardian.co.uk/politics/constituency/703",48
1475,"Bermondsey and Old Southwark","http://www.guardian.co.uk/politics/constituency/1475",49
704,"Berwick-upon-Tweed","http://www.guardian.co.uk/politics/constituency/704",50
1260,"Berwickshire, Roxburgh and Selkirk","http://www.guardian.co.uk/politics/constituency/1260",51
705,"Bethnal Green and Bow","http://www.guardian.co.uk/politics/constituency/705",52
708,"Beverley and Holderness","http://www.guardian.co.uk/politics/constituency/708",53
709,"Bexhill and Battle","http://www.guardian.co.uk/politics/constituency/709",54
711,"Bexleyheath and Crayford","http://www.guardian.co.uk/politics/constituency/711",55
713,"Birkenhead","http://www.guardian.co.uk/politics/constituency/713",56
714,"Birmingham Edgbaston","http://www.guardian.co.uk/politics/constituency/714",57
715,"Birmingham Erdington","http://www.guardian.co.uk/politics/constituency/715",58
716,"Birmingham Hall Green","http://www.guardian.co.uk/politics/constituency/716",59
717,"Birmingham Hodge Hill","http://www.guardian.co.uk/politics/constituency/717",60
718,"Birmingham Ladywood","http://www.guardian.co.uk/politics/constituency/718",61
719,"Birmingham Northfield","http://www.guardian.co.uk/politics/constituency/719",62
720,"Birmingham Perry Barr","http://www.guardian.co.uk/politics/constituency/720",63
721,"Birmingham Selly Oak","http://www.guardian.co.uk/politics/constituency/721",64
725,"Birmingham Yardley","http://www.guardian.co.uk/politics/constituency/725",65
726,"Bishop Auckland","http://www.guardian.co.uk/politics/constituency/726",66
728,"Blackburn","http://www.guardian.co.uk/politics/constituency/728",67
1476,"Blackley and Broughton","http://www.guardian.co.uk/politics/constituency/1476",68
1477,"Blackpool North and Cleveleys","http://www.guardian.co.uk/politics/constituency/1477",69
731,"Blackpool South","http://www.guardian.co.uk/politics/constituency/731",70
732,"Blaenau Gwent","http://www.guardian.co.uk/politics/constituency/732",71
733,"Blaydon","http://www.guardian.co.uk/politics/constituency/733",72
734,"Blyth Valley","http://www.guardian.co.uk/politics/constituency/734",73
735,"Bognor Regis and Littlehampton","http://www.guardian.co.uk/politics/constituency/735",74
736,"Bolsover","http://www.guardian.co.uk/politics/constituency/736",75
737,"Bolton North East","http://www.guardian.co.uk/politics/constituency/737",76
738,"Bolton South East","http://www.guardian.co.uk/politics/constituency/738",77
739,"Bolton West","http://www.guardian.co.uk/politics/constituency/739",78
741,"Bootle","http://www.guardian.co.uk/politics/constituency/741",79
742,"Boston and Skegness","http://www.guardian.co.uk/politics/constituency/742",80
743,"Bosworth","http://www.guardian.co.uk/politics/constituency/743",81
744,"Bournemouth East","http://www.guardian.co.uk/politics/constituency/744",82
745,"Bournemouth West","http://www.guardian.co.uk/politics/constituency/745",83
747,"Bracknell","http://www.guardian.co.uk/politics/constituency/747",84
1478,"Bradford East","http://www.guardian.co.uk/politics/constituency/1478",85
749,"Bradford South","http://www.guardian.co.uk/politics/constituency/749",86
750,"Bradford West","http://www.guardian.co.uk/politics/constituency/750",87
751,"Braintree","http://www.guardian.co.uk/politics/constituency/751",88
752,"Brecon and Radnorshire","http://www.guardian.co.uk/politics/constituency/752",89
1479,"Brent Central","http://www.guardian.co.uk/politics/constituency/1479",90
754,"Brent North","http://www.guardian.co.uk/politics/constituency/754",91
756,"Brentford and Isleworth","http://www.guardian.co.uk/politics/constituency/756",92
757,"Brentwood and Ongar","http://www.guardian.co.uk/politics/constituency/757",93
758,"Bridgend","http://www.guardian.co.uk/politics/constituency/758",94
1480,"Bridgwater and West Somerset","http://www.guardian.co.uk/politics/constituency/1480",95
762,"Brigg and Goole","http://www.guardian.co.uk/politics/constituency/762",96
763,"Brighton Kemptown","http://www.guardian.co.uk/politics/constituency/763",97
764,"Brighton Pavilion","http://www.guardian.co.uk/politics/constituency/764",98
765,"Bristol East","http://www.guardian.co.uk/politics/constituency/765",99
766,"Bristol North West","http://www.guardian.co.uk/politics/constituency/766",100
767,"Bristol South","http://www.guardian.co.uk/politics/constituency/767",101
768,"Bristol West","http://www.guardian.co.uk/politics/constituency/768",102
1481,"Broadland","http://www.guardian.co.uk/politics/constituency/1481",103
769,"Bromley and Chislehurst","http://www.guardian.co.uk/politics/constituency/769",104
770,"Bromsgrove","http://www.guardian.co.uk/politics/constituency/770",105
771,"Broxbourne","http://www.guardian.co.uk/politics/constituency/771",106
772,"Broxtowe","http://www.guardian.co.uk/politics/constituency/772",107
773,"Buckingham","http://www.guardian.co.uk/politics/constituency/773",108
774,"Burnley","http://www.guardian.co.uk/politics/constituency/774",109
775,"Burton","http://www.guardian.co.uk/politics/constituency/775",110
776,"Bury North","http://www.guardian.co.uk/politics/constituency/776",111
777,"Bury South","http://www.guardian.co.uk/politics/constituency/777",112
778,"Bury St Edmunds","http://www.guardian.co.uk/politics/constituency/778",113
780,"Caerphilly","http://www.guardian.co.uk/politics/constituency/780",114
782,"Caithness, Sutherland and Easter Ross","http://www.guardian.co.uk/politics/constituency/782",115
783,"Calder Valley","http://www.guardian.co.uk/politics/constituency/783",116
784,"Camberwell and Peckham","http://www.guardian.co.uk/politics/constituency/784",117
1482,"Camborne and Redruth","http://www.guardian.co.uk/politics/constituency/1482",118
785,"Cambridge","http://www.guardian.co.uk/politics/constituency/785",119
1171,"North East Cambridgeshire","http://www.guardian.co.uk/politics/constituency/1171",120
1186,"North West Cambridgeshire","http://www.guardian.co.uk/politics/constituency/1186",121
1294,"South Cambridgeshire","http://www.guardian.co.uk/politics/constituency/1294",122
1298,"South East Cambridgeshire","http://www.guardian.co.uk/politics/constituency/1298",123
786,"Cannock Chase","http://www.guardian.co.uk/politics/constituency/786",124
788,"Canterbury","http://www.guardian.co.uk/politics/constituency/788",125
789,"Cardiff Central","http://www.guardian.co.uk/politics/constituency/789",126
790,"Cardiff North","http://www.guardian.co.uk/politics/constituency/790",127
791,"Cardiff South and Penarth","http://www.guardian.co.uk/politics/constituency/791",128
792,"Cardiff West","http://www.guardian.co.uk/politics/constituency/792",129
793,"Carlisle","http://www.guardian.co.uk/politics/constituency/793",130
795,"Carmarthen East and Dinefwr","http://www.guardian.co.uk/politics/constituency/795",131
796,"Carmarthen West and South Pembrokeshire","http://www.guardian.co.uk/politics/constituency/796",132
798,"Carshalton and Wallington","http://www.guardian.co.uk/politics/constituency/798",133
799,"Castle Point","http://www.guardian.co.uk/politics/constituency/799",134
803,"Ceredigion","http://www.guardian.co.uk/politics/constituency/803",135
805,"Charnwood","http://www.guardian.co.uk/politics/constituency/805",136
806,"Chatham and Aylesford","http://www.guardian.co.uk/politics/constituency/806",137
807,"Cheadle","http://www.guardian.co.uk/politics/constituency/807",138
808,"Chelmsford","http://www.guardian.co.uk/politics/constituency/808",139
1483,"Chelsea and Fulham","http://www.guardian.co.uk/politics/constituency/1483",140
811,"Cheltenham","http://www.guardian.co.uk/politics/constituency/811",141
813,"Chesham and Amersham","http://www.guardian.co.uk/politics/constituency/813",142
824,"City of Chester","http://www.guardian.co.uk/politics/constituency/824",143
814,"Chesterfield","http://www.guardian.co.uk/politics/constituency/814",144
815,"Chichester","http://www.guardian.co.uk/politics/constituency/815",145
817,"Chingford and Woodford Green","http://www.guardian.co.uk/politics/constituency/817",146
1484,"Chippenham","http://www.guardian.co.uk/politics/constituency/1484",147
818,"Chipping Barnet","http://www.guardian.co.uk/politics/constituency/818",148
820,"Chorley","http://www.guardian.co.uk/politics/constituency/820",149
821,"Christchurch","http://www.guardian.co.uk/politics/constituency/821",150
823,"Cities of London and Westminster","http://www.guardian.co.uk/politics/constituency/823",151
1485,"Clacton","http://www.guardian.co.uk/politics/constituency/1485",152
829,"Cleethorpes","http://www.guardian.co.uk/politics/constituency/829",153
831,"Clwyd South","http://www.guardian.co.uk/politics/constituency/831",154
833,"Clwyd West","http://www.guardian.co.uk/politics/constituency/833",155
836,"Coatbridge, Chryston and Bellshill","http://www.guardian.co.uk/politics/constituency/836",156
837,"Colchester","http://www.guardian.co.uk/politics/constituency/837",157
840,"Colne Valley","http://www.guardian.co.uk/politics/constituency/840",158
841,"Congleton","http://www.guardian.co.uk/politics/constituency/841",159
843,"Copeland","http://www.guardian.co.uk/politics/constituency/843",160
844,"Corby","http://www.guardian.co.uk/politics/constituency/844",161
1166,"North Cornwall","http://www.guardian.co.uk/politics/constituency/1166",162
1299,"South East Cornwall","http://www.guardian.co.uk/politics/constituency/1299",163
845,"Cotswold","http://www.guardian.co.uk/politics/constituency/845",164
846,"Coventry North East","http://www.guardian.co.uk/politics/constituency/846",165
847,"Coventry North West","http://www.guardian.co.uk/politics/constituency/847",166
848,"Coventry South","http://www.guardian.co.uk/politics/constituency/848",167
851,"Crawley","http://www.guardian.co.uk/politics/constituency/851",168
852,"Crewe and Nantwich","http://www.guardian.co.uk/politics/constituency/852",169
854,"Croydon Central","http://www.guardian.co.uk/politics/constituency/854",170
855,"Croydon North","http://www.guardian.co.uk/politics/constituency/855",171
858,"Croydon South","http://www.guardian.co.uk/politics/constituency/858",172
859,"Cumbernauld, Kilsyth and Kirkintilloch East","http://www.guardian.co.uk/politics/constituency/859",173
862,"Cynon Valley","http://www.guardian.co.uk/politics/constituency/862",174
1486,"Dagenham and Rainham","http://www.guardian.co.uk/politics/constituency/1486",175
864,"Darlington","http://www.guardian.co.uk/politics/constituency/864",176
865,"Dartford","http://www.guardian.co.uk/politics/constituency/865",177
866,"Daventry","http://www.guardian.co.uk/politics/constituency/866",178
868,"Delyn","http://www.guardian.co.uk/politics/constituency/868",179
869,"Denton and Reddish","http://www.guardian.co.uk/politics/constituency/869",180
870,"Derby North","http://www.guardian.co.uk/politics/constituency/870",181
871,"Derby South","http://www.guardian.co.uk/politics/constituency/871",182
1487,"Derbyshire Dales","http://www.guardian.co.uk/politics/constituency/1487",183
1488,"Mid Derbyshire","http://www.guardian.co.uk/politics/constituency/1488",184
1172,"North East Derbyshire","http://www.guardian.co.uk/politics/constituency/1172",185
1295,"South Derbyshire","http://www.guardian.co.uk/politics/constituency/1295",186
872,"Devizes","http://www.guardian.co.uk/politics/constituency/872",187
1489,"Central Devon","http://www.guardian.co.uk/politics/constituency/1489",188
900,"East Devon","http://www.guardian.co.uk/politics/constituency/900",189
1167,"North Devon","http://www.guardian.co.uk/politics/constituency/1167",190
1312,"South West Devon","http://www.guardian.co.uk/politics/constituency/1312",191
1376,"Torridge and West Devon","http://www.guardian.co.uk/politics/constituency/1376",192
873,"Dewsbury","http://www.guardian.co.uk/politics/constituency/873",193
874,"Don Valley","http://www.guardian.co.uk/politics/constituency/874",194
875,"Doncaster Central","http://www.guardian.co.uk/politics/constituency/875",195
876,"Doncaster North","http://www.guardian.co.uk/politics/constituency/876",196
1121,"Mid Dorset and North Poole","http://www.guardian.co.uk/politics/constituency/1121",197
1168,"North Dorset","http://www.guardian.co.uk/politics/constituency/1168",198
1296,"South Dorset","http://www.guardian.co.uk/politics/constituency/1296",199
1422,"West Dorset","http://www.guardian.co.uk/politics/constituency/1422",200
877,"Dover","http://www.guardian.co.uk/politics/constituency/877",201
1169,"North Down","http://www.guardian.co.uk/politics/constituency/1169",202
1297,"South Down","http://www.guardian.co.uk/politics/constituency/1297",203
879,"Dudley North","http://www.guardian.co.uk/politics/constituency/879",204
880,"Dudley South","http://www.guardian.co.uk/politics/constituency/880",205
883,"Dulwich and West Norwood","http://www.guardian.co.uk/politics/constituency/883",206
952,"Dumfries and Galloway","http://www.guardian.co.uk/politics/constituency/952",207
885,"Dumfriesshire, Clydesdale and Tweeddale","http://www.guardian.co.uk/politics/constituency/885",208
1344,"East Dunbartonshire","http://www.guardian.co.uk/politics/constituency/1344",209
884,"West Dunbartonshire","http://www.guardian.co.uk/politics/constituency/884",210
886,"Dundee East","http://www.guardian.co.uk/politics/constituency/886",211
887,"Dundee West","http://www.guardian.co.uk/politics/constituency/887",212
889,"Dunfermline and West Fife","http://www.guardian.co.uk/politics/constituency/889",213
825,"City of Durham","http://www.guardian.co.uk/politics/constituency/825",214
890,"North Durham","http://www.guardian.co.uk/politics/constituency/890",215
891,"North West Durham","http://www.guardian.co.uk/politics/constituency/891",216
1490,"Dwyfor Meirionnydd","http://www.guardian.co.uk/politics/constituency/1490",217
1491,"Ealing Central and Acton","http://www.guardian.co.uk/politics/constituency/1491",218
894,"Ealing North","http://www.guardian.co.uk/politics/constituency/894",219
895,"Ealing Southall","http://www.guardian.co.uk/politics/constituency/895",220
897,"Easington","http://www.guardian.co.uk/politics/constituency/897",221
901,"East Ham","http://www.guardian.co.uk/politics/constituency/901",222
903,"East Kilbride, Strathaven and Lesmahagow","http://www.guardian.co.uk/politics/constituency/903",223
905,"East Lothian","http://www.guardian.co.uk/politics/constituency/905",224
908,"Eastbourne","http://www.guardian.co.uk/politics/constituency/908",225
909,"Eastleigh","http://www.guardian.co.uk/politics/constituency/909",226
912,"Eddisbury","http://www.guardian.co.uk/politics/constituency/912",227
915,"Edinburgh East","http://www.guardian.co.uk/politics/constituency/915",228
917,"Edinburgh North and Leith","http://www.guardian.co.uk/politics/constituency/917",229
919,"Edinburgh South","http://www.guardian.co.uk/politics/constituency/919",230
918,"Edinburgh South West","http://www.guardian.co.uk/politics/constituency/918",231
920,"Edinburgh West","http://www.guardian.co.uk/politics/constituency/920",232
921,"Edmonton","http://www.guardian.co.uk/politics/constituency/921",233
922,"Ellesmere Port and Neston","http://www.guardian.co.uk/politics/constituency/922",234
1492,"Elmet and Rothwell","http://www.guardian.co.uk/politics/constituency/1492",235
924,"Eltham","http://www.guardian.co.uk/politics/constituency/924",236
925,"Enfield North","http://www.guardian.co.uk/politics/constituency/925",237
926,"Enfield Southgate","http://www.guardian.co.uk/politics/constituency/926",238
927,"Epping Forest","http://www.guardian.co.uk/politics/constituency/927",239
928,"Epsom and Ewell","http://www.guardian.co.uk/politics/constituency/928",240
929,"Erewash","http://www.guardian.co.uk/politics/constituency/929",241
931,"Erith and Thamesmead","http://www.guardian.co.uk/politics/constituency/931",242
933,"Esher and Walton","http://www.guardian.co.uk/politics/constituency/933",243
934,"Exeter","http://www.guardian.co.uk/politics/constituency/934",244
936,"Falkirk","http://www.guardian.co.uk/politics/constituency/936",245
938,"Fareham","http://www.guardian.co.uk/politics/constituency/938",246
940,"Faversham and Mid Kent","http://www.guardian.co.uk/politics/constituency/940",247
941,"Feltham and Heston","http://www.guardian.co.uk/politics/constituency/941",248
942,"Fermanagh and South Tyrone","http://www.guardian.co.uk/politics/constituency/942",249
1173,"North East Fife","http://www.guardian.co.uk/politics/constituency/1173",250
1493,"Filton and Bradley Stoke","http://www.guardian.co.uk/politics/constituency/1493",251
944,"Finchley and Golders Green","http://www.guardian.co.uk/politics/constituency/944",252
945,"Folkestone and Hythe","http://www.guardian.co.uk/politics/constituency/945",253
946,"Forest of Dean","http://www.guardian.co.uk/politics/constituency/946",254
947,"Foyle","http://www.guardian.co.uk/politics/constituency/947",255
949,"Fylde","http://www.guardian.co.uk/politics/constituency/949",256
950,"Gainsborough","http://www.guardian.co.uk/politics/constituency/950",257
1494,"Garston and Halewood","http://www.guardian.co.uk/politics/constituency/1494",258
1495,"Gateshead","http://www.guardian.co.uk/politics/constituency/1495",259
955,"Gedling","http://www.guardian.co.uk/politics/constituency/955",260
1496,"Gillingham and Rainham","http://www.guardian.co.uk/politics/constituency/1496",261
970,"Glasgow Central","http://www.guardian.co.uk/politics/constituency/970",262
959,"Glasgow East","http://www.guardian.co.uk/politics/constituency/959",263
966,"Glasgow North","http://www.guardian.co.uk/politics/constituency/966",264
971,"Glasgow North East","http://www.guardian.co.uk/politics/constituency/971",265
958,"Glasgow North West","http://www.guardian.co.uk/politics/constituency/958",266
960,"Glasgow South","http://www.guardian.co.uk/politics/constituency/960",267
967,"Glasgow South West","http://www.guardian.co.uk/politics/constituency/967",268
800,"Glenrothes","http://www.guardian.co.uk/politics/constituency/800",269
972,"Gloucester","http://www.guardian.co.uk/politics/constituency/972",270
973,"Gordon","http://www.guardian.co.uk/politics/constituency/973",271
974,"Gosport","http://www.guardian.co.uk/politics/constituency/974",272
975,"Gower","http://www.guardian.co.uk/politics/constituency/975",273
977,"Grantham and Stamford","http://www.guardian.co.uk/politics/constituency/977",274
978,"Gravesham","http://www.guardian.co.uk/politics/constituency/978",275
979,"Great Grimsby","http://www.guardian.co.uk/politics/constituency/979",276
980,"Great Yarmouth","http://www.guardian.co.uk/politics/constituency/980",277
984,"Greenwich and Woolwich","http://www.guardian.co.uk/politics/constituency/984",278
985,"Guildford","http://www.guardian.co.uk/politics/constituency/985",279
986,"Hackney North and Stoke Newington","http://www.guardian.co.uk/politics/constituency/986",280
987,"Hackney South and Shoreditch","http://www.guardian.co.uk/politics/constituency/987",281
988,"Halesowen and Rowley Regis","http://www.guardian.co.uk/politics/constituency/988",282
990,"Halifax","http://www.guardian.co.uk/politics/constituency/990",283
991,"Haltemprice and Howden","http://www.guardian.co.uk/politics/constituency/991",284
992,"Halton","http://www.guardian.co.uk/politics/constituency/992",285
996,"Hammersmith","http://www.guardian.co.uk/politics/constituency/996",286
902,"East Hampshire","http://www.guardian.co.uk/politics/constituency/902",287
1174,"North East Hampshire","http://www.guardian.co.uk/politics/constituency/1174",288
1187,"North West Hampshire","http://www.guardian.co.uk/politics/constituency/1187",289
1497,"Hampstead and Kilburn","http://www.guardian.co.uk/politics/constituency/1497",290
999,"Harborough","http://www.guardian.co.uk/politics/constituency/999",291
1000,"Harlow","http://www.guardian.co.uk/politics/constituency/1000",292
1002,"Harrogate and Knaresborough","http://www.guardian.co.uk/politics/constituency/1002",293
1003,"Harrow East","http://www.guardian.co.uk/politics/constituency/1003",294
1004,"Harrow West","http://www.guardian.co.uk/politics/constituency/1004",295
1005,"Hartlepool","http://www.guardian.co.uk/politics/constituency/1005",296
1498,"Harwich and North Essex","http://www.guardian.co.uk/politics/constituency/1498",297
1007,"Hastings and Rye","http://www.guardian.co.uk/politics/constituency/1007",298
1008,"Havant","http://www.guardian.co.uk/politics/constituency/1008",299
1009,"Hayes and Harlington","http://www.guardian.co.uk/politics/constituency/1009",300
1010,"Hazel Grove","http://www.guardian.co.uk/politics/constituency/1010",301
1011,"Hemel Hempstead","http://www.guardian.co.uk/politics/constituency/1011",302
1012,"Hemsworth","http://www.guardian.co.uk/politics/constituency/1012",303
1013,"Hendon","http://www.guardian.co.uk/politics/constituency/1013",304
1016,"Henley","http://www.guardian.co.uk/politics/constituency/1016",305
1499,"Hereford and South Herefordshire","http://www.guardian.co.uk/politics/constituency/1499",306
1500,"North Herefordshire","http://www.guardian.co.uk/politics/constituency/1500",307
1018,"Hertford and Stortford","http://www.guardian.co.uk/politics/constituency/1018",308
1175,"North East Hertfordshire","http://www.guardian.co.uk/politics/constituency/1175",309
1313,"South West Hertfordshire","http://www.guardian.co.uk/politics/constituency/1313",310
1019,"Hertsmere","http://www.guardian.co.uk/politics/constituency/1019",311
1020,"Hexham","http://www.guardian.co.uk/politics/constituency/1020",312
1021,"Heywood and Middleton","http://www.guardian.co.uk/politics/constituency/1021",313
1022,"High Peak","http://www.guardian.co.uk/politics/constituency/1022",314
1023,"Hitchin and Harpenden","http://www.guardian.co.uk/politics/constituency/1023",315
1024,"Holborn and St Pancras","http://www.guardian.co.uk/politics/constituency/1024",316
1501,"Hornchurch and Upminster","http://www.guardian.co.uk/politics/constituency/1501",317
1028,"Hornsey and Wood Green","http://www.guardian.co.uk/politics/constituency/1028",318
1029,"Horsham","http://www.guardian.co.uk/politics/constituency/1029",319
1502,"Houghton and Sunderland South","http://www.guardian.co.uk/politics/constituency/1502",320
1032,"Hove","http://www.guardian.co.uk/politics/constituency/1032",321
1033,"Huddersfield","http://www.guardian.co.uk/politics/constituency/1033",322
1034,"Kingston upon Hull East","http://www.guardian.co.uk/politics/constituency/1034",323
1035,"Kingston upon Hull North","http://www.guardian.co.uk/politics/constituency/1035",324
1037,"Kingston upon Hull West and Hessle","http://www.guardian.co.uk/politics/constituency/1037",325
1038,"Huntingdon","http://www.guardian.co.uk/politics/constituency/1038",326
1039,"Hyndburn","http://www.guardian.co.uk/politics/constituency/1039",327
1040,"Ilford North","http://www.guardian.co.uk/politics/constituency/1040",328
1041,"Ilford South","http://www.guardian.co.uk/politics/constituency/1041",329
981,"Inverclyde","http://www.guardian.co.uk/politics/constituency/981",330
1042,"Inverness, Nairn, Badenoch and Strathspey","http://www.guardian.co.uk/politics/constituency/1042",331
1044,"Ipswich","http://www.guardian.co.uk/politics/constituency/1044",332
1045,"Isle of Wight","http://www.guardian.co.uk/politics/constituency/1045",333
1046,"Islington North","http://www.guardian.co.uk/politics/constituency/1046",334
1047,"Islington South and Finsbury","http://www.guardian.co.uk/politics/constituency/1047",335
1048,"Islwyn","http://www.guardian.co.uk/politics/constituency/1048",336
1049,"Jarrow","http://www.guardian.co.uk/politics/constituency/1049",337
1050,"Keighley","http://www.guardian.co.uk/politics/constituency/1050",338
1503,"Kenilworth and Southam","http://www.guardian.co.uk/politics/constituency/1503",339
1051,"Kensington","http://www.guardian.co.uk/politics/constituency/1051",340
1053,"Kettering","http://www.guardian.co.uk/politics/constituency/1053",341
1054,"Kilmarnock and Loudoun","http://www.guardian.co.uk/politics/constituency/1054",342
1056,"Kingston and Surbiton","http://www.guardian.co.uk/politics/constituency/1056",343
1058,"Kingswood","http://www.guardian.co.uk/politics/constituency/1058",344
1059,"Kirkcaldy and Cowdenbeath","http://www.guardian.co.uk/politics/constituency/1059",345
1504,"Knowsley","http://www.guardian.co.uk/politics/constituency/1504",346
1063,"Lagan Valley","http://www.guardian.co.uk/politics/constituency/1063",347
835,"Lanark and Hamilton East","http://www.guardian.co.uk/politics/constituency/835",348
1426,"West Lancashire","http://www.guardian.co.uk/politics/constituency/1426",349
1505,"Lancaster and Fleetwood","http://www.guardian.co.uk/politics/constituency/1505",350
1067,"Leeds Central","http://www.guardian.co.uk/politics/constituency/1067",351
1068,"Leeds East","http://www.guardian.co.uk/politics/constituency/1068",352
1069,"Leeds North East","http://www.guardian.co.uk/politics/constituency/1069",353
1070,"Leeds North West","http://www.guardian.co.uk/politics/constituency/1070",354
1072,"Leeds West","http://www.guardian.co.uk/politics/constituency/1072",355
1073,"Leicester East","http://www.guardian.co.uk/politics/constituency/1073",356
1074,"Leicester South","http://www.guardian.co.uk/politics/constituency/1074",357
1075,"Leicester West","http://www.guardian.co.uk/politics/constituency/1075",358
1188,"North West Leicestershire","http://www.guardian.co.uk/politics/constituency/1188",359
1506,"South Leicestershire","http://www.guardian.co.uk/politics/constituency/1506",360
1076,"Leigh","http://www.guardian.co.uk/politics/constituency/1076",361
1078,"Lewes","http://www.guardian.co.uk/politics/constituency/1078",362
1082,"Lewisham Deptford","http://www.guardian.co.uk/politics/constituency/1082",363
1080,"Lewisham East","http://www.guardian.co.uk/politics/constituency/1080",364
1507,"Lewisham West and Penge","http://www.guardian.co.uk/politics/constituency/1507",365
1084,"Leyton and Wanstead","http://www.guardian.co.uk/politics/constituency/1084",366
1085,"Lichfield","http://www.guardian.co.uk/politics/constituency/1085",367
1086,"Lincoln","http://www.guardian.co.uk/politics/constituency/1086",368
1088,"Linlithgow and East Falkirk","http://www.guardian.co.uk/politics/constituency/1088",369
1093,"Liverpool Riverside","http://www.guardian.co.uk/politics/constituency/1093",370
1094,"Liverpool Walton","http://www.guardian.co.uk/politics/constituency/1094",371
1095,"Liverpool Wavertree","http://www.guardian.co.uk/politics/constituency/1095",372
1096,"Liverpool West Derby","http://www.guardian.co.uk/politics/constituency/1096",373
1097,"Livingston","http://www.guardian.co.uk/politics/constituency/1097",374
1098,"Llanelli","http://www.guardian.co.uk/politics/constituency/1098",375
904,"East Londonderry","http://www.guardian.co.uk/politics/constituency/904",376
1099,"Loughborough","http://www.guardian.co.uk/politics/constituency/1099",377
1100,"Louth and Horncastle","http://www.guardian.co.uk/politics/constituency/1100",378
1101,"Ludlow","http://www.guardian.co.uk/politics/constituency/1101",379
1102,"Luton North","http://www.guardian.co.uk/politics/constituency/1102",380
1103,"Luton South","http://www.guardian.co.uk/politics/constituency/1103",381
1104,"Macclesfield","http://www.guardian.co.uk/politics/constituency/1104",382
1105,"Maidenhead","http://www.guardian.co.uk/politics/constituency/1105",383
1107,"Maidstone and The Weald","http://www.guardian.co.uk/politics/constituency/1107",384
1108,"Makerfield","http://www.guardian.co.uk/politics/constituency/1108",385
1508,"Maldon","http://www.guardian.co.uk/politics/constituency/1508",386
1111,"Manchester Central","http://www.guardian.co.uk/politics/constituency/1111",387
1112,"Manchester Gorton","http://www.guardian.co.uk/politics/constituency/1112",388
1113,"Manchester Withington","http://www.guardian.co.uk/politics/constituency/1113",389
1115,"Mansfield","http://www.guardian.co.uk/politics/constituency/1115",390
1509,"Meon Valley","http://www.guardian.co.uk/politics/constituency/1509",391
1118,"Meriden","http://www.guardian.co.uk/politics/constituency/1118",392
1119,"Merthyr Tydfil and Rhymney","http://www.guardian.co.uk/politics/constituency/1119",393
1128,"Middlesbrough","http://www.guardian.co.uk/politics/constituency/1128",394
1129,"Middlesbrough South and East Cleveland","http://www.guardian.co.uk/politics/constituency/1129",395
1130,"Midlothian","http://www.guardian.co.uk/politics/constituency/1130",396
1510,"Milton Keynes North","http://www.guardian.co.uk/politics/constituency/1510",397
1511,"Milton Keynes South","http://www.guardian.co.uk/politics/constituency/1511",398
1133,"Mitcham and Morden","http://www.guardian.co.uk/politics/constituency/1133",399
1134,"Mole Valley","http://www.guardian.co.uk/politics/constituency/1134",400
1137,"Monmouth","http://www.guardian.co.uk/politics/constituency/1137",401
1139,"Montgomeryshire","http://www.guardian.co.uk/politics/constituency/1139",402
1140,"Moray","http://www.guardian.co.uk/politics/constituency/1140",403
1141,"Morecambe and Lunesdale","http://www.guardian.co.uk/politics/constituency/1141",404
1512,"Morley and Outwood","http://www.guardian.co.uk/politics/constituency/1512",405
1145,"Motherwell and Wishaw","http://www.guardian.co.uk/politics/constituency/1145",406
1433,"Na h-Eileanan an Iar","http://www.guardian.co.uk/politics/constituency/1433",407
1146,"Neath","http://www.guardian.co.uk/politics/constituency/1146",408
1148,"New Forest East","http://www.guardian.co.uk/politics/constituency/1148",409
1149,"New Forest West","http://www.guardian.co.uk/politics/constituency/1149",410
1150,"Newark","http://www.guardian.co.uk/politics/constituency/1150",411
1151,"Newbury","http://www.guardian.co.uk/politics/constituency/1151",412
1152,"Newcastle upon Tyne Central","http://www.guardian.co.uk/politics/constituency/1152",413
1153,"Newcastle upon Tyne East","http://www.guardian.co.uk/politics/constituency/1153",414
1155,"Newcastle upon Tyne North","http://www.guardian.co.uk/politics/constituency/1155",415
1156,"Newcastle-under-Lyme","http://www.guardian.co.uk/politics/constituency/1156",416
1160,"Newport East","http://www.guardian.co.uk/politics/constituency/1160",417
1161,"Newport West","http://www.guardian.co.uk/politics/constituency/1161",418
1162,"Newry and Armagh","http://www.guardian.co.uk/politics/constituency/1162",419
1513,"Newton Abbot","http://www.guardian.co.uk/politics/constituency/1513",420
1123,"Mid Norfolk","http://www.guardian.co.uk/politics/constituency/1123",421
1178,"North Norfolk","http://www.guardian.co.uk/politics/constituency/1178",422
1189,"North West Norfolk","http://www.guardian.co.uk/politics/constituency/1189",423
1303,"South Norfolk","http://www.guardian.co.uk/politics/constituency/1303",424
1314,"South West Norfolk","http://www.guardian.co.uk/politics/constituency/1314",425
1514,"Normanton, Pontefract and Castleford","http://www.guardian.co.uk/politics/constituency/1514",426
1192,"Northampton North","http://www.guardian.co.uk/politics/constituency/1192",427
1193,"Northampton South","http://www.guardian.co.uk/politics/constituency/1193",428
1515,"South Northamptonshire ","http://www.guardian.co.uk/politics/constituency/1515",429
1195,"Norwich North","http://www.guardian.co.uk/politics/constituency/1195",430
1196,"Norwich South","http://www.guardian.co.uk/politics/constituency/1196",431
1198,"Nottingham East","http://www.guardian.co.uk/politics/constituency/1198",432
1199,"Nottingham North","http://www.guardian.co.uk/politics/constituency/1199",433
1200,"Nottingham South","http://www.guardian.co.uk/politics/constituency/1200",434
1201,"Nuneaton","http://www.guardian.co.uk/politics/constituency/1201",435
1202,"Ochil and South Perthshire","http://www.guardian.co.uk/politics/constituency/1202",436
1203,"Ogmore","http://www.guardian.co.uk/politics/constituency/1203",437
1204,"Old Bexley and Sidcup","http://www.guardian.co.uk/politics/constituency/1204",438
1206,"Oldham East and Saddleworth","http://www.guardian.co.uk/politics/constituency/1206",439
1208,"Oldham West and Royton","http://www.guardian.co.uk/politics/constituency/1208",440
1209,"Orkney and Shetland","http://www.guardian.co.uk/politics/constituency/1209",441
1210,"Orpington","http://www.guardian.co.uk/politics/constituency/1210",442
1211,"Oxford East","http://www.guardian.co.uk/politics/constituency/1211",443
1212,"Oxford West and Abingdon","http://www.guardian.co.uk/politics/constituency/1212",444
1213,"Paisley and Renfrewshire North","http://www.guardian.co.uk/politics/constituency/1213",445
1214,"Paisley and Renfrewshire South","http://www.guardian.co.uk/politics/constituency/1214",446
1217,"Pendle","http://www.guardian.co.uk/politics/constituency/1217",447
1516,"Penistone and Stocksbridge","http://www.guardian.co.uk/politics/constituency/1516",448
1218,"Penrith and The Border","http://www.guardian.co.uk/politics/constituency/1218",449
1219,"Perth and North Perthshire","http://www.guardian.co.uk/politics/constituency/1219",450
1221,"Peterborough","http://www.guardian.co.uk/politics/constituency/1221",451
1517,"Plymouth Moor View","http://www.guardian.co.uk/politics/constituency/1517",452
1518,"Plymouth Sutton and Devonport","http://www.guardian.co.uk/politics/constituency/1518",453
1226,"Pontypridd","http://www.guardian.co.uk/politics/constituency/1226",454
1227,"Poole","http://www.guardian.co.uk/politics/constituency/1227",455
1519,"Poplar and Limehouse","http://www.guardian.co.uk/politics/constituency/1519",456
1229,"Portsmouth North","http://www.guardian.co.uk/politics/constituency/1229",457
1230,"Portsmouth South","http://www.guardian.co.uk/politics/constituency/1230",458
1231,"Preseli Pembrokeshire","http://www.guardian.co.uk/politics/constituency/1231",459
1232,"Preston","http://www.guardian.co.uk/politics/constituency/1232",460
1233,"Pudsey","http://www.guardian.co.uk/politics/constituency/1233",461
1234,"Putney","http://www.guardian.co.uk/politics/constituency/1234",462
1520,"Rayleigh and Wickford","http://www.guardian.co.uk/politics/constituency/1520",463
1237,"Reading East","http://www.guardian.co.uk/politics/constituency/1237",464
1238,"Reading West","http://www.guardian.co.uk/politics/constituency/1238",465
1239,"Redcar","http://www.guardian.co.uk/politics/constituency/1239",466
1240,"Redditch","http://www.guardian.co.uk/politics/constituency/1240",467
1242,"Reigate","http://www.guardian.co.uk/politics/constituency/1242",468
910,"East Renfrewshire","http://www.guardian.co.uk/politics/constituency/910",469
1243,"Rhondda","http://www.guardian.co.uk/politics/constituency/1243",470
1244,"Ribble Valley","http://www.guardian.co.uk/politics/constituency/1244",471
1245,"Richmond (Yorks)","http://www.guardian.co.uk/politics/constituency/1245",472
1246,"Richmond Park","http://www.guardian.co.uk/politics/constituency/1246",473
1249,"Rochdale","http://www.guardian.co.uk/politics/constituency/1249",474
1521,"Rochester and Strood","http://www.guardian.co.uk/politics/constituency/1521",475
1251,"Rochford and Southend East","http://www.guardian.co.uk/politics/constituency/1251",476
1252,"Romford","http://www.guardian.co.uk/politics/constituency/1252",477
1522,"Romsey and Southampton North","http://www.guardian.co.uk/politics/constituency/1522",478
1256,"Ross, Skye and Lochaber","http://www.guardian.co.uk/politics/constituency/1256",479
1257,"Rossendale and Darwen","http://www.guardian.co.uk/politics/constituency/1257",480
1258,"Rother Valley","http://www.guardian.co.uk/politics/constituency/1258",481
1259,"Rotherham","http://www.guardian.co.uk/politics/constituency/1259",482
1523,"Rugby","http://www.guardian.co.uk/politics/constituency/1523",483
1524,"Ruislip, Northwood and Pinner","http://www.guardian.co.uk/politics/constituency/1524",484
1263,"Runnymede and Weybridge","http://www.guardian.co.uk/politics/constituency/1263",485
1264,"Rushcliffe","http://www.guardian.co.uk/politics/constituency/1264",486
969,"Rutherglen and Hamilton West","http://www.guardian.co.uk/politics/constituency/969",487
1265,"Rutland and Melton","http://www.guardian.co.uk/politics/constituency/1265",488
1267,"Saffron Walden","http://www.guardian.co.uk/politics/constituency/1267",489
1324,"St Albans","http://www.guardian.co.uk/politics/constituency/1324",490
1532,"St Austell and Newquay","http://www.guardian.co.uk/politics/constituency/1532",491
1325,"St Helens North","http://www.guardian.co.uk/politics/constituency/1325",492
1533,"St Helens South and Whiston","http://www.guardian.co.uk/politics/constituency/1533",493
1327,"St Ives","http://www.guardian.co.uk/politics/constituency/1327",494
1525,"Salford and Eccles","http://www.guardian.co.uk/politics/constituency/1525",495
1270,"Salisbury","http://www.guardian.co.uk/politics/constituency/1270",496
1272,"Scarborough and Whitby","http://www.guardian.co.uk/politics/constituency/1272",497
1273,"Scunthorpe","http://www.guardian.co.uk/politics/constituency/1273",498
1274,"Sedgefield","http://www.guardian.co.uk/politics/constituency/1274",499
1526,"Sefton Central","http://www.guardian.co.uk/politics/constituency/1526",500
1527,"Selby and Ainsty","http://www.guardian.co.uk/politics/constituency/1527",501
1276,"Sevenoaks","http://www.guardian.co.uk/politics/constituency/1276",502
1528,"Sheffield Brightside and Hillsborough","http://www.guardian.co.uk/politics/constituency/1528",503
1279,"Sheffield Central","http://www.guardian.co.uk/politics/constituency/1279",504
1280,"Sheffield Hallam","http://www.guardian.co.uk/politics/constituency/1280",505
1281,"Sheffield Heeley","http://www.guardian.co.uk/politics/constituency/1281",506
1529,"Sheffield South East","http://www.guardian.co.uk/politics/constituency/1529",507
1283,"Sherwood","http://www.guardian.co.uk/politics/constituency/1283",508
1284,"Shipley","http://www.guardian.co.uk/politics/constituency/1284",509
1286,"Shrewsbury and Atcham","http://www.guardian.co.uk/politics/constituency/1286",510
1179,"North Shropshire","http://www.guardian.co.uk/politics/constituency/1179",511
1287,"Sittingbourne and Sheppey","http://www.guardian.co.uk/politics/constituency/1287",512
1288,"Skipton and Ripon","http://www.guardian.co.uk/politics/constituency/1288",513
1289,"Sleaford and North Hykeham","http://www.guardian.co.uk/politics/constituency/1289",514
1290,"Slough","http://www.guardian.co.uk/politics/constituency/1290",515
1291,"Solihull","http://www.guardian.co.uk/politics/constituency/1291",516
1530,"North Somerset","http://www.guardian.co.uk/politics/constituency/1530",517
1531,"North East Somerset","http://www.guardian.co.uk/politics/constituency/1531",518
1292,"Somerton and Frome","http://www.guardian.co.uk/politics/constituency/1292",519
1302,"South Holland and The Deepings","http://www.guardian.co.uk/politics/constituency/1302",520
1304,"South Ribble","http://www.guardian.co.uk/politics/constituency/1304",521
1305,"South Shields","http://www.guardian.co.uk/politics/constituency/1305",522
1317,"Southampton Itchen","http://www.guardian.co.uk/politics/constituency/1317",523
1318,"Southampton Test","http://www.guardian.co.uk/politics/constituency/1318",524
1320,"Southend West","http://www.guardian.co.uk/politics/constituency/1320",525
1321,"Southport","http://www.guardian.co.uk/politics/constituency/1321",526
1323,"Spelthorne","http://www.guardian.co.uk/politics/constituency/1323",527
1328,"Stafford","http://www.guardian.co.uk/politics/constituency/1328",528
1329,"Staffordshire Moorlands","http://www.guardian.co.uk/politics/constituency/1329",529
1306,"South Staffordshire","http://www.guardian.co.uk/politics/constituency/1306",530
1330,"Stalybridge and Hyde","http://www.guardian.co.uk/politics/constituency/1330",531
1332,"Stevenage","http://www.guardian.co.uk/politics/constituency/1332",532
1333,"Stirling","http://www.guardian.co.uk/politics/constituency/1333",533
1334,"Stockport","http://www.guardian.co.uk/politics/constituency/1334",534
1335,"Stockton North","http://www.guardian.co.uk/politics/constituency/1335",535
1336,"Stockton South","http://www.guardian.co.uk/politics/constituency/1336",536
1337,"Stoke-on-Trent Central","http://www.guardian.co.uk/politics/constituency/1337",537
1338,"Stoke-on-Trent North","http://www.guardian.co.uk/politics/constituency/1338",538
1339,"Stoke-on-Trent South","http://www.guardian.co.uk/politics/constituency/1339",539
1340,"Stone","http://www.guardian.co.uk/politics/constituency/1340",540
1341,"Stourbridge","http://www.guardian.co.uk/politics/constituency/1341",541
1342,"Strangford","http://www.guardian.co.uk/politics/constituency/1342",542
1343,"Stratford-on-Avon","http://www.guardian.co.uk/politics/constituency/1343",543
1345,"Streatham","http://www.guardian.co.uk/politics/constituency/1345",544
1347,"Stretford and Urmston","http://www.guardian.co.uk/politics/constituency/1347",545
1348,"Stroud","http://www.guardian.co.uk/politics/constituency/1348",546
802,"Central Suffolk and North Ipswich","http://www.guardian.co.uk/politics/constituency/802",547
1349,"Suffolk Coastal","http://www.guardian.co.uk/politics/constituency/1349",548
1307,"South Suffolk","http://www.guardian.co.uk/politics/constituency/1307",549
1429,"West Suffolk","http://www.guardian.co.uk/politics/constituency/1429",550
1534,"Sunderland Central","http://www.guardian.co.uk/politics/constituency/1534",551
906,"East Surrey","http://www.guardian.co.uk/politics/constituency/906",552
1353,"Surrey Heath","http://www.guardian.co.uk/politics/constituency/1353",553
1315,"South West Surrey","http://www.guardian.co.uk/politics/constituency/1315",554
1125,"Mid Sussex","http://www.guardian.co.uk/politics/constituency/1125",555
1355,"Sutton and Cheam","http://www.guardian.co.uk/politics/constituency/1355",556
1354,"Sutton Coldfield","http://www.guardian.co.uk/politics/constituency/1354",557
1356,"Swansea East ","http://www.guardian.co.uk/politics/constituency/1356",558
1357,"Swansea West","http://www.guardian.co.uk/politics/constituency/1357",559
1181,"North Swindon","http://www.guardian.co.uk/politics/constituency/1181",560
1308,"South Swindon","http://www.guardian.co.uk/politics/constituency/1308",561
1359,"Tamworth","http://www.guardian.co.uk/politics/constituency/1359",562
1360,"Tatton","http://www.guardian.co.uk/politics/constituency/1360",563
1535,"Taunton","http://www.guardian.co.uk/politics/constituency/1535",564
1364,"Telford","http://www.guardian.co.uk/politics/constituency/1364",565
1365,"Tewkesbury","http://www.guardian.co.uk/politics/constituency/1365",566
1183,"North Thanet","http://www.guardian.co.uk/politics/constituency/1183",567
1309,"South Thanet","http://www.guardian.co.uk/politics/constituency/1309",568
1536,"Thirsk and Malton","http://www.guardian.co.uk/politics/constituency/1536",569
1537,"Thornbury and Yate","http://www.guardian.co.uk/politics/constituency/1537",570
1369,"Thurrock","http://www.guardian.co.uk/politics/constituency/1369",571
1371,"Tiverton and Honiton","http://www.guardian.co.uk/politics/constituency/1371",572
1372,"Tonbridge and Malling","http://www.guardian.co.uk/politics/constituency/1372",573
1373,"Tooting","http://www.guardian.co.uk/politics/constituency/1373",574
1374,"Torbay","http://www.guardian.co.uk/politics/constituency/1374",575
1375,"Torfaen","http://www.guardian.co.uk/politics/constituency/1375",576
1377,"Totnes","http://www.guardian.co.uk/politics/constituency/1377",577
1378,"Tottenham","http://www.guardian.co.uk/politics/constituency/1378",578
1538,"Truro and Falmouth","http://www.guardian.co.uk/politics/constituency/1538",579
1381,"Tunbridge Wells","http://www.guardian.co.uk/politics/constituency/1381",580
1383,"Twickenham","http://www.guardian.co.uk/politics/constituency/1383",581
1385,"Tynemouth","http://www.guardian.co.uk/politics/constituency/1385",582
1184,"North Tyneside","http://www.guardian.co.uk/politics/constituency/1184",583
1430,"West Tyrone","http://www.guardian.co.uk/politics/constituency/1430",584
1126,"Mid Ulster","http://www.guardian.co.uk/politics/constituency/1126",585
1387,"Upper Bann","http://www.guardian.co.uk/politics/constituency/1387",586
1539,"Uxbridge and South Ruislip","http://www.guardian.co.uk/politics/constituency/1539",587
1389,"Vale of Clwyd","http://www.guardian.co.uk/politics/constituency/1389",588
1390,"Vale of Glamorgan","http://www.guardian.co.uk/politics/constituency/1390",589
1392,"Vauxhall","http://www.guardian.co.uk/politics/constituency/1392",590
1393,"Wakefield","http://www.guardian.co.uk/politics/constituency/1393",591
1394,"Wallasey","http://www.guardian.co.uk/politics/constituency/1394",592
1396,"Walsall North","http://www.guardian.co.uk/politics/constituency/1396",593
1397,"Walsall South","http://www.guardian.co.uk/politics/constituency/1397",594
1398,"Walthamstow","http://www.guardian.co.uk/politics/constituency/1398",595
1399,"Wansbeck","http://www.guardian.co.uk/politics/constituency/1399",596
1402,"Wantage","http://www.guardian.co.uk/politics/constituency/1402",597
1403,"Warley","http://www.guardian.co.uk/politics/constituency/1403",598
1406,"Warrington North","http://www.guardian.co.uk/politics/constituency/1406",599
1407,"Warrington South","http://www.guardian.co.uk/politics/constituency/1407",600
1408,"Warwick and Leamington","http://www.guardian.co.uk/politics/constituency/1408",601
1185,"North Warwickshire","http://www.guardian.co.uk/politics/constituency/1185",602
1540,"Washington and Sunderland West","http://www.guardian.co.uk/politics/constituency/1540",603
1409,"Watford","http://www.guardian.co.uk/politics/constituency/1409",604
1410,"Waveney","http://www.guardian.co.uk/politics/constituency/1410",605
1411,"Wealden","http://www.guardian.co.uk/politics/constituency/1411",606
1412,"Weaver Vale","http://www.guardian.co.uk/politics/constituency/1412",607
1413,"Wellingborough","http://www.guardian.co.uk/politics/constituency/1413",608
1414,"Wells","http://www.guardian.co.uk/politics/constituency/1414",609
1415,"Welwyn Hatfield","http://www.guardian.co.uk/politics/constituency/1415",610
1541,"Wentworth and Dearne","http://www.guardian.co.uk/politics/constituency/1541",611
1418,"West Bromwich East","http://www.guardian.co.uk/politics/constituency/1418",612
1419,"West Bromwich West","http://www.guardian.co.uk/politics/constituency/1419",613
1424,"West Ham","http://www.guardian.co.uk/politics/constituency/1424",614
1434,"Westminster North","http://www.guardian.co.uk/politics/constituency/1434",615
1435,"Westmorland and Lonsdale","http://www.guardian.co.uk/politics/constituency/1435",616
1436,"Weston-Super-Mare","http://www.guardian.co.uk/politics/constituency/1436",617
1437,"Wigan","http://www.guardian.co.uk/politics/constituency/1437",618
1191,"North Wiltshire","http://www.guardian.co.uk/politics/constituency/1191",619
1542,"South West Wiltshire","http://www.guardian.co.uk/politics/constituency/1542",620
1438,"Wimbledon","http://www.guardian.co.uk/politics/constituency/1438",621
1439,"Winchester","http://www.guardian.co.uk/politics/constituency/1439",622
1440,"Windsor","http://www.guardian.co.uk/politics/constituency/1440",623
1442,"Wirral South","http://www.guardian.co.uk/politics/constituency/1442",624
1443,"Wirral West","http://www.guardian.co.uk/politics/constituency/1443",625
1543,"Witham","http://www.guardian.co.uk/politics/constituency/1543",626
1444,"Witney","http://www.guardian.co.uk/politics/constituency/1444",627
1445,"Woking","http://www.guardian.co.uk/politics/constituency/1445",628
1446,"Wokingham","http://www.guardian.co.uk/politics/constituency/1446",629
1447,"Wolverhampton North East","http://www.guardian.co.uk/politics/constituency/1447",630
1448,"Wolverhampton South East","http://www.guardian.co.uk/politics/constituency/1448",631
1449,"Wolverhampton South West","http://www.guardian.co.uk/politics/constituency/1449",632
1452,"Worcester","http://www.guardian.co.uk/politics/constituency/1452",633
1127,"Mid Worcestershire","http://www.guardian.co.uk/politics/constituency/1127",634
1431,"West Worcestershire","http://www.guardian.co.uk/politics/constituency/1431",635
1453,"Workington","http://www.guardian.co.uk/politics/constituency/1453",636
1544,"Worsley and Eccles South","http://www.guardian.co.uk/politics/constituency/1544",637
907,"East Worthing and Shoreham","http://www.guardian.co.uk/politics/constituency/907",638
1456,"Worthing West","http://www.guardian.co.uk/politics/constituency/1456",639
1368,"The Wrekin","http://www.guardian.co.uk/politics/constituency/1368",640
1457,"Wrexham","http://www.guardian.co.uk/politics/constituency/1457",641
1458,"Wycombe","http://www.guardian.co.uk/politics/constituency/1458",642
1545,"Wyre and Preston North","http://www.guardian.co.uk/politics/constituency/1545",643
1460,"Wyre Forest","http://www.guardian.co.uk/politics/constituency/1460",644
1461,"Wythenshawe and Sale East","http://www.guardian.co.uk/politics/constituency/1461",645
1462,"Yeovil","http://www.guardian.co.uk/politics/constituency/1462",646
1463,"Ynys Mon","http://www.guardian.co.uk/politics/constituency/1463",647
1546,"York Central","http://www.guardian.co.uk/politics/constituency/1546",648
1547,"York Outer","http://www.guardian.co.uk/politics/constituency/1547",649
1465,"East Yorkshire","http://www.guardian.co.uk/politics/constituency/1465",650
